,Codcir,Codmun,Municipio,Censo Total,Votos Totales,Votos Nulos,Votos Blancos
0,29,1,Alameda,4.194,2.585,64,49
1,29,2,Alcaucín,1.148,692,17,9
2,29,3,Alfarnate,937,638,27,6
3,29,4,Alfarnatejo,296,191,5,2
4,29,5,Algarrobo,4.488,2.632,32,36
5,29,6,Algatocín,668,391,6,5
6,29,7,Alhaurín de la Torre,28.415,16.776,241,255
7,29,8,Alhaurín el Grande,15.024,8.806,134,128
8,29,9,Almáchar,1.430,924,32,9
9,29,10,Almargen,1.615,1.139,78,13
10,29,11,Almogía,2.857,1.450,23,10
11,29,12,Álora,9.722,5.859,167,81
12,29,13,Alozaina,1.590,1.088,33,14
13,29,14,Alpandeire,211,116,1,4
14,29,15,Antequera,32.003,18.831,372,269
15,29,16,Árchez,246,170,0,2
16,29,17,Archidona,6.413,4.140,142,63
17,29,18,Ardales,1.991,1.314,70,21
18,29,19,Arenas,861,594,15,8
19,29,20,Arriate,3.269,2.123,67,34
20,29,21,Atajate,153,86,1,1
21,29,22,Benadalid,170,110,1,1
22,29,23,Benahavís,2.252,1.132,10,2
23,29,24,Benalauría,374,192,6,4
24,29,25,Benalmádena,41.157,22.134,261,258
25,29,26,Benamargosa,1.013,610,14,12
26,29,27,Benamocarra,2.298,1.376,21,13
27,29,28,Benaoján,1.216,702,39,4
28,29,29,Benarrabá,378,247,4,3
29,29,32,Campillos,6.655,4.521,146,86
30,29,33,Canillas de Aceituno,1.080,637,11,14
31,29,34,Canillas de Albaida,468,340,3,2
32,29,35,Cañete la Real,1.504,957,31,5
33,29,36,Carratraca,615,347,11,7
34,29,37,Cartajima,214,151,7,0
35,29,38,Cártama,18.517,9.594,177,164
36,29,39,Casabermeja,2.719,1.613,40,29
37,29,40,Casarabonela,1.922,1.163,23,20
38,29,41,Casares,3.486,1.908,52,29
39,29,42,Coín,14.317,8.240,155,99
40,29,43,Colmenar,2.475,1.379,39,40
41,29,44,Comares,762,454,5,4
42,29,45,Cómpeta,1.675,1.024,19,14
43,29,46,Cortes de la Frontera,2.569,1.561,51,19
44,29,47,Cuevas Bajas,1.088,827,17,8
45,29,49,Cuevas de San Marcos,2.924,1.801,27,11
46,29,48,Cuevas del Becerro,1.368,1.000,24,15
47,29,50,Cútar,399,230,1,4
48,29,30,El Borge,774,569,5,4
49,29,31,El Burgo,1.575,841,26,27
50,29,51,Estepona,41.441,22.217,444,323
51,29,52,Faraján,214,128,0,0
52,29,53,Frigiliana,1.689,981,11,28
53,29,54,Fuengirola,42.322,24.112,227,216
54,29,55,Fuente de Piedra,1.839,1.310,14,11
55,29,56,Gaucín,1.070,685,19,2
56,29,57,Genalguacil,331,229,5,0
57,29,58,Guaro,1.490,852,21,9
58,29,59,Humilladero,2.629,1.736,81,27
59,29,60,Igualeja,662,422,5,2
60,29,61,Istán,1.018,713,34,8
61,29,62,Iznate,648,529,10,7
62,29,63,Jimera de Líbar,299,220,2,3
63,29,64,Jubrique,436,287,22,5
64,29,65,Júzcar,189,123,1,1
65,29,66,Macharaviaya,340,200,0,0
66,29,67,Málaga,428.620,243.951,2.859,3.392
67,29,68,Manilva,7.601,3.878,93,38
68,29,69,Marbella,86.599,43.706,770,636
69,29,70,Mijas,42.647,22.654,312,304
70,29,71,Moclinejo,968,574,13,8
71,29,72,Mollina,3.253,2.114,75,28
72,29,73,Monda,1.633,925,19,16
73,29,903,Montecorto,498,274,2,7
74,29,74,Montejaque,781,492,5,5
75,29,75,Nerja,12.917,7.096,94,89
76,29,76,Ojén,2.290,1.257,38,27
77,29,77,Parauta,205,127,1,39
78,29,79,Periana,2.334,1.495,50,20
79,29,80,Pizarra,6.847,4.081,76,58
80,29,81,Pujerra,244,168,3,6
81,29,82,Rincón de la Victoria,33.647,20.109,263,267
82,29,83,Riogordo,2.040,1.334,41,13
83,29,84,Ronda,27.188,15.404,394,279
84,29,85,Salares,139,90,2,1
85,29,86,Sayalonga,768,380,4,7
86,29,87,Sedella,362,232,5,5
87,29,904,Serrato,419,321,9,0
88,29,88,Sierra de Yeguas,2.700,1.580,120,16
89,29,89,Teba,3.177,2.053,84,28
90,29,90,Tolox,1.653,997,14,10
91,29,901,Torremolinos,44.380,24.666,286,321
92,29,91,Torrox,9.392,5.503,118,81
93,29,92,Totalán,570,335,12,5
94,29,93,Valle de Abdalajís,2.159,1.299,26,15
95,29,94,Vélez-Málaga,59.020,32.955,512,471
96,29,95,Villanueva de Algaidas,3.313,2.063,122,38
97,29,902,Villanueva de la Concepción,2.586,1.249,38,11
98,29,98,Villanueva de Tapia,1.228,781,23,11
99,29,96,Villanueva del Rosario,2.736,1.595,38,23
100,29,97,Villanueva del Trabuco,4.161,2.509,77,52
101,29,99,Viñuela,961,644,19,18
102,29,100,Yunquera,2.358,1.380,35,27
103,29,990,Residentes Ausentes Málaga,52.760,1.471,3,13
105,11,1,Alcalá de los Gazules,4.375,2.388,78,35
106,11,2,Alcalá del Valle,4.220,2.694,46,27
107,11,3,Algar,1.237,721,25,16
108,11,4,Algeciras,89.444,45.337,756,753
109,11,5,Algodonales,4.508,2.598,97,32
110,11,6,Arcos de la Frontera,24.466,12.843,225,236
111,11,7,Barbate,17.972,8.561,135,174
112,11,901,Benalup-Casas Viejas,5.664,3.198,70,93
113,11,9,Benaocaz,566,350,6,2
114,11,10,Bornos,6.348,3.407,71,106
115,11,12,Cádiz,97.832,58.257,775,808
116,11,13,Castellar de la Frontera,2.319,1.426,60,29
117,11,15,Chiclana de la Frontera,63.731,31.997,410,658
118,11,16,Chipiona,14.990,8.031,148,163
119,11,14,Conil de la Frontera,17.063,9.146,122,251
120,11,11,El Bosque,1.739,988,52,8
121,11,18,El Gastor,1.430,914,22,10
122,11,27,El Puerto de Santa María,68.546,38.003,446,535
123,11,17,Espera,3.199,1.771,81,50
124,11,19,Grazalema,1.751,1.184,70,9
125,11,20,Jerez de la Frontera,165.847,90.127,1.405,1.617
126,11,21,Jimena de la Frontera,6.718,3.708,115,95
127,11,22,La Línea de la Concepción,48.574,19.997,1.139,390
128,11,8,Los Barrios,17.825,9.677,253,195
129,11,23,Medina-Sidonia,9.335,5.563,93,107
130,11,24,Olvera,6.585,4.027,88,51
131,11,25,Paterna de Rivera,4.383,2.330,52,53
132,11,26,Prado del Rey,4.689,2.971,100,24
133,11,28,Puerto Real,32.722,18.230,285,387
134,11,29,Puerto Serrano,5.436,2.144,51,44
135,11,30,Rota,22.880,12.621,239,210
136,11,31,San Fernando,76.241,41.012,534,693
137,11,902,San José del Valle,3.633,1.706,32,28
138,11,33,San Roque,21.505,11.224,259,249
139,11,32,Sanlúcar de Barrameda,54.257,25.402,286,455
140,11,34,Setenil de las Bodegas,2.296,1.364,36,9
141,11,35,Tarifa,13.689,7.275,135,143
142,11,36,Torre Alháquime,691,415,4,10
143,11,37,Trebujena,5.635,3.950,138,35
144,11,38,Ubrique,13.579,9.172,251,133
145,11,39,Vejer de la Frontera,9.975,5.730,100,113
146,11,40,Villaluenga del Rosario,388,310,9,4
147,11,41,Villamartín,9.835,5.507,151,95
148,11,42,Zahara,1.158,644,23,9
149,11,990,Residentes Ausentes Cádiz,28.305,876,2,7
151,41,1,Aguadulce,1.567,1.023,33,15
152,41,2,Alanís,1.432,823,29,8
153,41,3,Albaida del Aljarafe,2.359,1.522,43,26
154,41,4,Alcalá de Guadaíra,57.342,32.364,918,742
155,41,5,Alcalá del Río,9.218,5.691,144,76
156,41,6,Alcolea del Río,2.730,1.465,47,13
157,41,8,Algámitas,1.027,679,33,12
158,41,9,Almadén de la Plata,1.158,682,11,5
159,41,10,Almensilla,4.538,2.591,113,42
160,41,11,Arahal,15.398,8.902,403,232
161,41,12,Aznalcázar,3.344,1.777,67,23
162,41,13,Aznalcóllar,4.813,2.509,81,44
163,41,14,Badolatosa,2.477,1.632,62,16
164,41,15,Benacazón,5.380,3.044,123,58
165,41,16,Bollullos de la Mitación,7.695,4.718,117,74
166,41,17,Bormujos,15.632,9.617,206,169
167,41,18,Brenes,9.398,5.454,130,84
168,41,19,Burguillos,4.833,2.741,75,35
169,41,21,Camas,21.350,12.135,336,253
170,41,23,Cantillana,7.981,4.744,110,78
171,41,901,Cañada Rosal,2.695,1.846,117,64
172,41,24,Carmona,22.652,12.189,331,210
173,41,25,Carrión de los Céspedes,1.993,1.264,58,16
174,41,26,Casariche,4.302,3.142,112,23
175,41,27,Castilblanco de los Arroyos,3.912,2.245,85,28
176,41,28,Castilleja de Guzmán,2.060,1.471,22,22
177,41,29,Castilleja de la Cuesta,13.397,8.381,174,122
178,41,30,Castilleja del Campo,490,358,20,4
179,41,32,Cazalla de la Sierra,3.875,2.416,87,27
180,41,33,Constantina,4.958,2.873,77,29
181,41,34,Coria del Río,23.355,12.457,307,270
182,41,35,Coripe,1.065,679,22,19
183,41,38,Dos Hermanas,101.729,58.518,1.230,1.170
184,41,39,Écija,31.517,19.133,439,315
185,41,31,El Castillo de las Guardas,1.204,631,25,8
186,41,36,El Coronil,3.927,2.181,102,51
187,41,903,El Cuervo de Sevilla,6.740,3.884,120,65
188,41,43,El Garrobo,666,373,18,3
189,41,57,El Madroño,252,150,2,2
190,41,73,El Pedroso,1.683,921,35,7
191,41,80,El Real de la Jara,1.236,771,24,10
192,41,83,El Ronquillo,1.111,696,11,7
193,41,84,El Rubio,2.810,1.941,125,17
194,41,90,El Saucejo,3.503,2.307,100,22
195,41,102,El Viso del Alcor,14.693,8.950,383,210
196,41,40,Espartinas,11.078,7.107,134,115
197,41,41,Estepa,9.729,6.496,302,77
198,41,42,Fuentes de Andalucía,5.836,3.797,80,85
199,41,44,Gelves,7.616,4.770,87,70
200,41,45,Gerena,5.845,3.308,132,69
201,41,46,Gilena,3.006,1.995,64,19
202,41,47,Gines,10.380,6.860,135,106
203,41,48,Guadalcanal,2.182,1.212,71,23
204,41,49,Guillena,9.455,6.195,226,111
205,41,50,Herrera,5.177,3.532,108,50
206,41,51,Huévar del Aljarafe,2.278,1.395,47,4
207,41,902,Isla Mayor,4.604,2.159,43,44
208,41,7,La Algaba,12.361,6.698,320,127
209,41,22,La Campana,4.244,2.286,61,43
210,41,56,La Luisiana,3.700,2.549,79,53
211,41,77,La Puebla de Cazalla,8.607,4.919,184,61
212,41,78,La Puebla de los Infantes,2.445,1.550,45,19
213,41,79,La Puebla del Río,9.256,5.714,149,125
214,41,81,La Rinconada,29.636,17.839,466,365
215,41,82,La Roda de Andalucía,3.374,2.408,78,26
216,41,52,Lantejuela,3.022,1.722,99,11
217,41,20,Las Cabezas de San Juan,12.926,6.474,165,131
218,41,66,Las Navas de la Concepción,1.306,826,40,15
219,41,53,Lebrija,21.492,13.462,477,233
220,41,54,Lora de Estepa,714,501,17,3
221,41,55,Lora del Río,14.834,8.392,194,118
222,41,37,Los Corrales,3.205,2.064,87,27
223,41,63,Los Molares,2.692,1.516,58,38
224,41,69,Los Palacios y Villafranca,29.481,17.399,464,503
225,41,58,Mairena del Alcor,17.814,10.886,411,189
226,41,59,Mairena del Aljarafe,34.999,22.694,437,397
227,41,60,Marchena,15.083,8.806,257,152
228,41,61,Marinaleda,2.152,1.493,49,5
229,41,62,Martín de la Jara,2.182,1.434,53,13
230,41,64,Montellano,5.596,2.924,107,53
231,41,65,Morón de la Frontera,22.538,12.164,265,256
232,41,67,Olivares,7.185,4.253,112,58
233,41,68,Osuna,13.875,8.246,221,113
234,41,70,Palomares del Río,6.317,3.914,74,77
235,41,71,Paradas,5.608,2.925,121,48
236,41,72,Pedrera,4.029,2.630,62,32
237,41,74,Peñaflor,2.994,1.956,56,22
238,41,75,Pilas,10.266,5.872,166,79
239,41,76,Pruna,2.149,966,13,23
240,41,85,Salteras,4.150,2.866,110,28
241,41,86,San Juan de Aznalfarache,16.105,8.544,149,159
242,41,88,San Nicolás del Puerto,509,303,10,2
243,41,87,Sanlúcar la Mayor,10.417,6.041,244,70
244,41,89,Santiponce,6.558,3.903,113,61
245,41,91,Sevilla,539.535,339.226,5.661,5.675
246,41,92,Tocina,7.685,4.438,130,79
247,41,93,Tomares,18.926,12.964,155,204
248,41,94,Umbrete,6.423,3.930,127,53
249,41,95,Utrera,41.570,23.026,488,571
250,41,96,Valencina de la Concepción,6.109,4.125,92,58
251,41,97,Villamanrique de la Condesa,3.147,1.940,60,29
252,41,100,Villanueva de San Juan,972,623,44,4
253,41,98,Villanueva del Ariscal,5.122,3.258,72,41
254,41,99,Villanueva del Río y Minas,3.968,2.005,37,26
255,41,101,Villaverde del Río,5.966,3.605,91,58
256,41,990,Residentes Ausentes Sevilla,34.050,1.310,9,5
258,4,1,Abla,1.012,634,12,5
259,4,2,Abrucena,1.023,649,8,5
260,4,3,Adra,17.491,9.649,145,94
261,4,4,Albánchez,402,287,7,5
262,4,5,Alboloduy,529,365,6,0
263,4,6,Albox,7.192,3.973,47,35
264,4,7,Alcolea,724,455,6,2
265,4,8,Alcóntar,468,335,4,0
266,4,9,Alcudia de Monteagud,139,99,5,0
267,4,10,Alhabia,552,379,9,8
268,4,11,Alhama de Almería,2.757,1.895,36,22
269,4,12,Alicún,181,147,0,1
270,4,13,Almería,143.010,78.947,817,1.016
271,4,14,Almócita,153,106,1,2
272,4,15,Alsodux,120,94,1,0
273,4,16,Antas,2.125,1.356,19,8
274,4,17,Arboleas,1.284,742,7,6
275,4,18,Armuña de Almanzora,254,200,9,3
276,4,19,Bacares,230,164,2,0
277,4,904,Balanegra,1.876,1.092,10,5
278,4,20,Bayárcal,253,173,2,1
279,4,21,Bayarque,178,126,1,2
280,4,22,Bédar,353,209,3,2
281,4,23,Beires,126,82,1,3
282,4,24,Benahadux,3.208,2.042,38,32
283,4,26,Benitagla,59,42,1,1
284,4,27,Benizalón,219,101,0,0
285,4,28,Bentarique,203,168,4,2
286,4,29,Berja,8.752,4.910,77,64
287,4,30,Canjáyar,1.073,692,13,13
288,4,31,Cantoria,2.253,1.545,19,8
289,4,32,Carboneras,5.643,3.073,25,29
290,4,33,Castro de Filabres,116,81,0,0
291,4,36,Chercos,223,156,1,0
292,4,37,Chirivel,1.232,877,21,7
293,4,34,Cóbdar,141,80,0,0
294,4,35,Cuevas del Almanzora,8.428,5.089,54,46
295,4,38,Dalías,3.094,1.882,47,23
296,4,902,El Ejido,45.256,25.306,310,278
297,4,41,Enix,314,202,1,1
298,4,43,Felix,508,385,1,2
299,4,44,Fines,1.516,1.024,11,11
300,4,45,Fiñana,1.700,1.206,35,12
301,4,46,Fondón,838,555,5,5
302,4,47,Gádor,2.240,1.642,31,15
303,4,49,Garrucha,5.548,3.168,53,23
304,4,50,Gérgal,756,427,7,0
305,4,51,Huécija,412,304,5,5
306,4,52,Huércal de Almería,12.641,7.016,101,138
307,4,53,Huércal-Overa,12.469,7.799,135,78
308,4,54,Íllar,352,252,2,6
309,4,55,Instinción,368,292,1,3
310,4,903,La Mojonera,4.285,2.508,26,39
311,4,56,Laroya,149,106,0,1
312,4,901,Las Tres Villas,484,307,0,1
313,4,57,Láujar de Andarax,1.265,821,17,10
314,4,58,Líjar,341,214,1,1
315,4,48,Los Gallardos,1.480,915,22,7
316,4,59,Lubrín,1.016,686,16,1
317,4,60,Lucainena de las Torres,404,244,3,6
318,4,61,Lúcar,620,422,8,6
319,4,62,Macael,4.439,2.940,38,15
320,4,63,María,1.073,702,8,6
321,4,64,Mojácar,2.860,1.652,18,12
322,4,65,Nacimiento,350,243,1,4
323,4,66,Níjar,13.447,7.638,46,73
324,4,67,Ohanes,518,338,10,1
325,4,68,Olula de Castro,165,115,1,0
326,4,69,Olula del Río,4.752,2.911,55,41
327,4,70,Oria,1.532,1.030,10,2
328,4,71,Padules,362,269,8,2
329,4,72,Partaloa,307,205,1,7
330,4,73,Paterna del Río,332,216,4,2
331,4,74,Pechina,2.862,1.584,35,26
332,4,75,Pulpí,5.358,3.207,44,16
333,4,76,Purchena,1.222,860,21,5
334,4,77,Rágol,281,248,3,3
335,4,78,Rioja,1.089,640,8,6
336,4,79,Roquetas de Mar,53.664,29.829,305,370
337,4,80,Santa Cruz de Marchena,203,135,4,0
338,4,81,Santa Fe de Mondújar,347,248,3,0
339,4,82,Senés,270,165,1,2
340,4,83,Serón,1.722,1.139,26,11
341,4,84,Sierro,343,230,4,3
342,4,85,Somontín,375,245,2,1
343,4,86,Sorbas,1.670,1.012,13,7
344,4,87,Suflí,161,104,1,2
345,4,88,Tabernas,2.445,1.382,13,17
346,4,89,Taberno,691,456,10,5
347,4,90,Tahal,272,193,4,2
348,4,91,Terque,320,243,2,2
349,4,92,Tíjola,2.774,1.850,39,10
350,4,93,Turre,1.904,1.004,18,9
351,4,94,Turrillas,209,137,0,0
352,4,95,Uleila del Campo,677,402,5,5
353,4,96,Urrácal,262,182,1,0
354,4,97,Velefique,234,156,0,2
355,4,98,Vélez-Blanco,1.468,850,19,7
356,4,99,Vélez-Rubio,4.909,3.096,63,27
357,4,100,Vera,9.207,4.490,51,33
358,4,101,Viator,4.315,2.529,53,23
359,4,102,Vícar,14.049,7.750,131,94
360,4,103,Zurgena,1.404,889,7,9
361,4,990,Residentes Ausentes Almería,41.116,759,14,6
363,18,1,Agrón,237,154,10,0
364,18,2,Alamedilla,535,336,3,2
365,18,3,Albolote,14.341,8.793,359,132
366,18,4,Albondón,684,407,9,3
367,18,5,Albuñán,367,227,4,2
368,18,6,Albuñol,4.063,2.505,69,35
369,18,7,Albuñuelas,745,417,9,6
370,18,10,Aldeire,539,360,13,1
371,18,11,Alfacar,4.353,2.617,95,23
372,18,12,Algarinejo,2.160,1.422,33,13
373,18,13,Alhama de Granada,4.162,2.581,115,34
374,18,14,Alhendín,6.858,4.084,197,77
375,18,15,Alicún de Ortega,411,291,1,0
376,18,16,Almegíjar,288,173,4,2
377,18,17,Almuñécar,18.120,9.785,162,105
378,18,904,Alpujarra de la Sierra,729,489,8,3
379,18,18,Alquife,557,369,7,0
380,18,20,Arenas del Rey,982,591,24,5
381,18,21,Armilla,17.698,10.366,431,178
382,18,22,Atarfe,13.758,7.525,346,125
383,18,23,Baza,15.642,9.546,212,115
384,18,24,Beas de Granada,838,561,25,13
385,18,25,Beas de Guadix,282,175,2,0
386,18,27,Benalúa,2.598,1.505,27,22
387,18,28,Benalúa de las Villas,911,664,9,3
388,18,29,Benamaurel,1.810,952,22,8
389,18,30,Bérchules,567,367,4,10
390,18,32,Bubión,242,149,2,0
391,18,33,Busquístar,275,180,3,1
392,18,34,Cacín,475,321,9,2
393,18,35,Cádiar,1.180,827,20,7
394,18,36,Cájar,3.904,2.578,89,36
395,18,37,Calicasas,520,356,12,4
396,18,38,Campotéjar,1.035,686,54,9
397,18,39,Caniles,3.382,2.020,50,30
398,18,40,Cáñar,217,119,1,1
399,18,42,Capileira,420,308,14,11
400,18,43,Carataunas,119,64,3,1
401,18,44,Cástaras,163,90,1,2
402,18,45,Castilléjar,1.070,605,17,7
403,18,46,Castril,1.744,855,20,4
404,18,47,Cenes de la Vega,6.034,3.336,133,58
405,18,59,Chauchina,4.252,2.560,125,42
406,18,61,Chimeneas,1.008,665,17,7
407,18,62,Churriana de la Vega,10.952,6.722,303,76
408,18,48,Cijuela,2.440,1.511,71,27
409,18,49,Cogollos de Guadix,570,407,6,2
410,18,50,Cogollos de la Vega,1.668,985,46,16
411,18,51,Colomera,1.108,627,13,6
412,18,53,Cortes de Baza,1.568,844,6,10
413,18,54,Cortes y Graena,827,538,6,6
414,18,912,Cuevas del Campo,1.388,799,13,3
415,18,56,Cúllar,3.438,2.130,85,23
416,18,57,Cúllar Vega,5.476,3.433,124,66
417,18,63,Darro,1.203,532,3,2
418,18,64,Dehesas de Guadix,365,264,5,3
419,18,65,Dehesas Viejas,593,429,23,1
420,18,66,Deifontes,2.095,1.250,40,13
421,18,67,Diezma,664,415,8,3
422,18,68,Dílar,1.597,1.039,40,15
423,18,69,Dólar,497,302,9,1
424,18,915,Domingo Pérez de Granada,730,444,10,9
425,18,70,Dúdar,275,187,5,2
426,18,71,Dúrcal,5.559,3.549,223,43
427,18,910,El Pinar,738,380,8,7
428,18,902,El Valle,766,562,27,7
429,18,72,Escúzar,662,394,18,2
430,18,74,Ferreira,264,184,8,2
431,18,76,Fonelas,788,460,2,0
432,18,78,Freila,705,457,7,0
433,18,79,Fuente Vaqueros,3.437,2.239,127,31
434,18,82,Galera,831,467,9,8
435,18,83,Gobernador,222,165,2,1
436,18,84,Gójar,4.421,2.768,95,46
437,18,85,Gor,694,386,3,1
438,18,86,Gorafe,340,234,6,0
439,18,87,Granada,182.375,116.987,3.278,1.512
440,18,88,Guadahortuna,1.507,899,14,13
441,18,89,Guadix,14.568,8.661,196,94
442,18,93,Gualchos,2.736,1.519,23,12
443,18,94,Güéjar Sierra,2.283,1.568,69,23
444,18,95,Güevéjar,2.009,1.207,63,17
445,18,96,Huélago,335,187,1,0
446,18,97,Huéneja,941,563,7,6
447,18,98,Huéscar,5.966,3.432,60,41
448,18,99,Huétor de Santillán,1.577,1.073,61,16
449,18,100,Huétor Tájar,7.947,4.829,175,70
450,18,101,Huétor Vega,9.372,5.812,232,101
451,18,102,Íllora,8.263,4.677,214,61
452,18,103,Ítrabo,721,467,5,2
453,18,105,Iznalloz,3.806,2.022,102,18
454,18,106,Játar,414,238,11,4
455,18,107,Jayena,932,589,21,4
456,18,108,Jerez del Marquesado,829,558,16,9
457,18,109,Jete,600,339,4,3
458,18,111,Jun,2.845,1.656,61,29
459,18,112,Juviles,107,62,6,0
460,18,114,La Calahorra,584,381,3,1
461,18,126,La Malahá,1.455,919,44,25
462,18,154,La Peza,978,561,1,2
463,18,901,La Taha,491,272,7,3
464,18,193,La Zubia,14.670,8.839,330,145
465,18,115,Láchar,2.615,1.583,26,30
466,18,116,Lanjarón,2.834,1.911,73,23
467,18,117,Lanteira,500,317,19,2
468,18,905,Las Gabias,15.427,8.907,406,179
469,18,119,Lecrín,1.690,1.129,45,21
470,18,120,Lentegí,258,184,3,4
471,18,121,Lobras,130,85,4,2
472,18,122,Loja,15.959,9.896,300,134
473,18,906,Los Guájares,889,605,8,5
474,18,123,Lugros,287,184,3,3
475,18,124,Lújar,360,208,7,0
476,18,127,Maracena,16.712,10.089,428,168
477,18,128,Marchal,334,222,7,2
478,18,132,Moclín,3.142,2.127,59,20
479,18,133,Molvízar,2.118,1.423,25,17
480,18,134,Monachil,6.039,3.380,114,62
481,18,135,Montefrío,4.420,2.455,127,23
482,18,136,Montejícar,1.795,1.180,59,7
483,18,137,Montillana,945,593,16,4
484,18,138,Moraleda de Zafayona,2.472,1.279,37,11
485,18,909,Morelábor,535,371,5,1
486,18,140,Motril,43.981,23.830,542,332
487,18,141,Murtas,378,215,3,0
488,18,903,Nevada,867,501,12,3
489,18,143,Nigüelas,954,600,35,3
490,18,144,Nívar,793,499,24,6
491,18,145,Ogíjares,10.806,6.789,255,101
492,18,146,Orce,941,584,20,5
493,18,147,Órgiva,3.664,2.024,68,31
494,18,148,Otívar,804,558,8,8
495,18,150,Padul,6.816,4.154,169,70
496,18,151,Pampaneira,249,148,5,0
497,18,152,Pedro Martínez,911,619,10,2
498,18,153,Peligros,8.747,5.259,200,69
499,18,157,Pinos Genil,1.151,721,26,7
500,18,158,Pinos Puente,8.028,4.205,111,62
501,18,159,Píñar,990,683,14,4
502,18,161,Polícar,215,177,0,3
503,18,162,Polopos,929,606,7,6
504,18,163,Pórtugos,311,186,5,2
505,18,164,Puebla de Don Fadrique,1.814,1.009,23,9
506,18,165,Pulianas,4.199,2.435,91,43
507,18,167,Purullena,1.850,1.074,29,17
508,18,168,Quéntar,775,490,16,8
509,18,170,Rubite,320,182,2,2
510,18,171,Salar,2.096,1.420,52,14
511,18,173,Salobreña,8.932,5.052,164,79
512,18,174,Santa Cruz del Comercio,435,318,5,3
513,18,175,Santa Fe,11.729,7.261,272,97
514,18,176,Soportújar,234,146,0,2
515,18,177,Sorvilán,374,193,3,5
516,18,178,Torre-Cardela,677,447,7,5
517,18,179,Torvizcón,507,303,4,6
518,18,180,Trevélez,634,324,13,5
519,18,181,Turón,205,118,1,1
520,18,182,Ugíjar,1.917,1.120,18,6
521,18,914,Valderrubio,1.649,1.111,45,14
522,18,907,Valle del Zalabí,1.786,1.205,21,9
523,18,183,Válor,626,380,5,6
524,18,911,Vegas del Genil,7.821,4.629,210,83
525,18,184,Vélez de Benaudalla,2.156,1.378,38,17
526,18,185,Ventas de Huelma,523,365,4,5
527,18,149,Villa de Otura,5.380,3.526,131,40
528,18,908,Villamena,794,493,37,3
529,18,187,Villanueva de las Torres,512,329,4,1
530,18,188,Villanueva Mesía,1.650,1.101,36,16
531,18,189,Víznar,767,515,12,9
532,18,192,Zafarraya,1.456,1.012,15,4
533,18,913,Zagra,776,502,15,5
534,18,194,Zújar,2.061,1.127,22,21
535,18,990,Residentes Ausentes Granada,49.014,1.303,271,14
537,14,1,Adamuz,3.448,2.320,60,28
538,14,2,Aguilar de la Frontera,10.876,6.744,203,100
539,14,3,Alcaracejos,1.254,873,26,2
540,14,4,Almedinilla,1.993,1.271,23,13
541,14,5,Almodóvar del Río,6.323,3.307,93,66
542,14,6,Añora,1.314,1.026,35,6
543,14,7,Baena,15.033,9.042,277,120
544,14,8,Belalcázar,2.781,1.608,31,19
545,14,9,Belmez,2.661,1.428,23,22
546,14,10,Benamejí,4.016,2.481,59,27
547,14,12,Bujalance,6.109,3.602,119,47
548,14,13,Cabra,16.644,10.564,408,211
549,14,14,Cañete de las Torres,2.507,1.847,38,15
550,14,15,Carcabuey,2.066,1.327,35,10
551,14,16,Cardeña,1.286,815,9,4
552,14,19,Castro del Río,6.423,4.289,109,88
553,14,20,Conquista,354,194,2,2
554,14,21,Córdoba,258.826,157.964,2.503,2.842
555,14,22,Doña Mencía,3.925,2.554,52,26
556,14,23,Dos Torres,2.012,1.555,39,15
557,14,18,El Carpio,3.649,2.344,71,37
558,14,34,El Guijo,305,226,8,2
559,14,74,El Viso,2.239,1.584,49,11
560,14,24,Encinas Reales,1.861,1.318,64,8
561,14,25,Espejo,2.863,2.225,75,16
562,14,26,Espiel,2.027,1.153,29,20
563,14,27,Fernán-Núñez,7.861,5.043,172,115
564,14,28,Fuente la Lancha,295,217,1,3
565,14,29,Fuente Obejuna,4.055,2.525,64,38
566,14,30,Fuente Palmera,8.679,5.774,118,59
567,14,31,Fuente-Tójar,560,394,17,0
568,14,33,Guadalcázar,1.261,771,17,13
569,14,35,Hinojosa del Duque,5.866,3.614,64,57
570,14,36,Hornachuelos,3.696,2.418,84,63
571,14,37,Iznájar,3.217,2.028,79,32
572,14,17,La Carlota,10.941,6.841,165,79
573,14,32,La Granjuela,388,293,1,5
574,14,57,La Rambla,6.131,4.283,120,76
575,14,65,La Victoria,1.819,1.236,27,19
576,14,11,Los Blázquez,570,403,1,5
577,14,38,Lucena,32.630,19.443,433,259
578,14,39,Luque,2.595,1.752,53,13
579,14,40,Montalbán de Córdoba,3.739,2.539,63,46
580,14,41,Montemayor,3.133,2.050,114,42
581,14,42,Montilla,18.769,12.586,323,249
582,14,43,Montoro,7.438,4.510,126,107
583,14,44,Monturque,1.621,1.056,29,11
584,14,45,Moriles,3.007,2.178,51,23
585,14,46,Nueva Carteya,4.434,2.879,131,37
586,14,47,Obejo,1.643,984,23,12
587,14,48,Palenciana,1.177,783,34,6
588,14,49,Palma del Río,16.321,10.328,312,192
589,14,50,Pedro Abad,2.350,1.589,39,19
590,14,51,Pedroche,1.341,893,24,6
591,14,52,Peñarroya-Pueblonuevo,9.149,4.448,94,68
592,14,53,Posadas,5.907,3.533,92,71
593,14,54,Pozoblanco,13.726,9.297,314,115
594,14,55,Priego de Córdoba,18.427,11.569,274,185
595,14,56,Puente Genil,23.534,13.882,816,269
596,14,58,Rute,7.850,4.803,141,74
597,14,59,San Sebastián de los Ballesteros,682,477,6,13
598,14,61,Santa Eufemia,687,502,18,4
599,14,60,Santaella,4.826,3.121,92,52
600,14,62,Torrecampo,955,660,11,1
601,14,63,Valenzuela,1.003,655,14,7
602,14,64,Valsequillo,300,207,10,3
603,14,66,Villa del Río,5.780,3.411,91,51
604,14,67,Villafranca de Córdoba,3.866,2.673,62,42
605,14,68,Villaharta,534,356,3,8
606,14,69,Villanueva de Córdoba,7.372,4.471,94,43
607,14,70,Villanueva del Duque,1.280,857,14,8
608,14,71,Villanueva del Rey,900,478,15,12
609,14,72,Villaralto,1.010,659,13,3
610,14,73,Villaviciosa de Córdoba,2.803,1.683,67,32
611,14,75,Zuheros,560,411,9,1
612,14,990,Residentes Ausentes Córdoba,17.944,678,2,3
614,23,1,Albanchez de Mágina,909,693,5,0
615,23,2,Alcalá la Real,17.355,11.409,435,151
616,23,3,Alcaudete,8.599,5.481,96,45
617,23,4,Aldeaquemada,420,298,4,3
618,23,5,Andújar,29.960,17.649,402,280
619,23,6,Arjona,4.596,3.347,96,43
620,23,7,Arjonilla,3.028,2.015,26,25
621,23,8,Arquillos,1.449,931,32,13
622,23,905,Arroyo del Ojanco,1.824,1.091,10,5
623,23,9,Baeza,12.857,8.623,186,99
624,23,10,Bailén,14.238,8.216,209,131
625,23,11,Baños de la Encina,2.141,1.291,48,17
626,23,12,Beas de Segura,4.052,2.409,36,28
627,23,902,Bedmar y Garcíez,2.228,1.681,39,12
628,23,14,Begíjar,2.567,1.708,32,18
629,23,15,Bélmez de la Moraleda,1.328,875,16,9
630,23,16,Benatae,386,279,14,0
631,23,17,Cabra del Santo Cristo,1.484,1.081,29,7
632,23,18,Cambil,2.254,1.376,20,20
633,23,19,Campillo de Arenas,1.473,1.066,45,5
634,23,20,Canena,1.539,1.214,21,4
635,23,21,Carboneros,514,378,11,0
636,23,901,Cárcheles,1.138,829,14,9
637,23,25,Castellar,2.743,1.744,26,17
638,23,26,Castillo de Locubín,3.441,2.248,79,16
639,23,27,Cazalilla,726,529,4,6
640,23,28,Cazorla,6.140,3.855,79,37
641,23,29,Chiclana de Segura,803,502,9,1
642,23,30,Chilluévar,1.196,889,22,3
643,23,31,Escañuela,763,612,40,6
644,23,32,Espeluy,522,371,14,3
645,23,33,Frailes,1.319,909,24,20
646,23,34,Fuensanta de Martos,2.505,1.699,39,12
647,23,35,Fuerte del Rey,1.102,776,13,4
648,23,37,Génave,516,390,12,5
649,23,39,Guarromán,2.154,1.357,49,9
650,23,41,Higuera de Calatrava,493,350,3,2
651,23,42,Hinojares,281,196,2,2
652,23,43,Hornos,522,347,3,0
653,23,44,Huelma,4.714,3.175,95,25
654,23,45,Huesa,2.067,1.323,17,4
655,23,46,Ibros,2.335,1.742,35,8
656,23,48,Iznatoraf,823,550,5,2
657,23,49,Jabalquinto,1.745,1.099,38,14
658,23,50,Jaén,90.504,56.585,965,826
659,23,51,Jamilena,2.736,1.840,35,12
660,23,52,Jimena,1.111,876,21,5
661,23,53,Jódar,9.464,5.280,68,47
662,23,24,La Carolina,12.192,8.101,336,95
663,23,38,La Guardia de Jaén,3.718,2.455,51,23
664,23,47,La Iruela,1.597,1.069,9,10
665,23,72,La Puerta de Segura,1.904,1.257,24,12
666,23,40,Lahiguera,1.459,1.088,25,2
667,23,54,Larva,380,263,7,1
668,23,55,Linares,46.365,27.454,1.458,410
669,23,56,Lopera,3.050,2.025,85,21
670,23,99,Los Villares,4.792,3.015,88,37
671,23,57,Lupión,737,540,8,4
672,23,58,Mancha Real,8.797,5.597,110,78
673,23,59,Marmolejo,5.720,3.922,126,56
674,23,60,Martos,19.162,11.791,244,179
675,23,61,Mengíbar,7.674,4.478,146,51
676,23,62,Montizón,1.412,1.023,14,8
677,23,63,Navas de San Juan,3.763,2.354,56,28
678,23,64,Noalejo,1.674,1.263,17,7
679,23,65,Orcera,1.555,981,19,6
680,23,66,Peal de Becerro,4.303,3.135,77,24
681,23,67,Pegalajar,2.431,1.604,52,10
682,23,69,Porcuna,5.291,3.902,119,27
683,23,70,Pozo Alcón,3.793,1.961,24,9
684,23,71,Puente de Génave,1.717,1.137,21,9
685,23,73,Quesada,4.403,2.816,48,24
686,23,74,Rus,2.963,2.016,30,21
687,23,75,Sabiote,3.217,2.219,43,26
688,23,76,Santa Elena,772,582,9,3
689,23,77,Santiago de Calatrava,604,477,7,1
690,23,904,Santiago-Pontones,2.624,1.377,27,9
691,23,79,Santisteban del Puerto,3.650,2.456,55,35
692,23,80,Santo Tomé,1.719,1.125,24,7
693,23,81,Segura de la Sierra,1.475,970,24,11
694,23,82,Siles,1.873,1.200,14,11
695,23,84,Sorihuela del Guadalimar,903,557,15,2
696,23,85,Torreblascopedro,2.178,1.463,21,14
697,23,86,Torredelcampo,11.431,6.710,236,122
698,23,87,Torredonjimeno,11.180,7.275,199,106
699,23,88,Torreperogil,6.001,3.823,117,73
700,23,90,Torres,1.230,916,19,5
701,23,91,Torres de Albánchez,683,440,3,2
702,23,92,Úbeda,27.732,17.003,346,275
703,23,93,Valdepeñas de Jaén,3.157,2.029,69,34
704,23,94,Vilches,3.750,2.646,60,38
705,23,95,Villacarrillo,8.586,5.286,77,38
706,23,96,Villanueva de la Reina,2.579,1.862,54,23
707,23,97,Villanueva del Arzobispo,6.344,3.454,48,26
708,23,98,Villardompardo,834,659,12,3
709,23,101,Villarrodrigo,354,216,3,0
710,23,903,Villatorres,3.489,2.273,28,16
711,23,990,Residentes Ausentes Jaén,12.437,408,1,4
713,21,1,Alájar,609,389,10,6
714,21,2,Aljaraque,15.805,9.292,157,141
715,21,4,Almonaster la Real,1.590,844,34,24
716,21,5,Almonte,15.663,7.787,197,138
717,21,6,Alosno,3.334,1.946,65,26
718,21,7,Aracena,6.320,3.716,106,78
719,21,8,Aroche,2.623,1.396,36,24
720,21,9,Arroyomolinos de León,856,413,19,2
721,21,10,Ayamonte,14.957,7.264,114,170
722,21,11,Beas,3.444,2.117,34,38
723,21,12,Berrocal,288,206,10,1
724,21,13,Bollullos Par del Condado,10.595,5.928,172,80
725,21,14,Bonares,4.044,2.822,97,25
726,21,15,Cabezas Rubias,646,286,5,19
727,21,16,Cala,998,553,39,7
728,21,17,Calañas,3.473,1.920,50,23
729,21,19,Campofrío,590,356,22,6
730,21,20,Cañaveral de León,356,212,2,3
731,21,21,Cartaya,12.370,6.609,135,100
732,21,22,Castaño del Robledo,183,124,5,5
733,21,30,Chucena,1.845,1.411,42,8
734,21,24,Corteconcepción,460,273,11,7
735,21,25,Cortegana,3.919,2.172,56,27
736,21,26,Cortelazor,252,150,7,0
737,21,27,Cumbres de Enmedio,48,37,2,0
738,21,28,Cumbres de San Bartolomé,359,248,11,0
739,21,29,Cumbres Mayores,1.513,904,52,16
740,21,3,El Almendro,679,429,12,12
741,21,18,El Campillo,1.728,921,27,15
742,21,23,El Cerro de Andévalo,2.046,1.090,26,12
743,21,37,El Granado,459,306,6,4
744,21,31,Encinasola,1.165,652,36,5
745,21,32,Escacena del Campo,1.799,1.089,48,4
746,21,33,Fuenteheridos,536,341,6,3
747,21,34,Galaroza,1.176,682,27,2
748,21,35,Gibraleón,9.700,5.202,113,94
749,21,38,Higuera de la Sierra,1.073,581,23,9
750,21,39,Hinojales,301,187,6,2
751,21,40,Hinojos,3.162,1.930,85,29
752,21,41,Huelva,113.161,61.286,1.127,1.075
753,21,42,Isla Cristina,15.518,6.488,124,150
754,21,43,Jabugo,1.870,1.208,48,28
755,21,36,La Granada de Río-Tinto,203,122,5,0
756,21,51,La Nava,198,146,4,3
757,21,54,La Palma del Condado,8.157,5.389,129,44
758,21,44,Lepe,17.776,9.459,174,147
759,21,45,Linares de la Sierra,233,141,1,2
760,21,48,Los Marines,314,185,1,7
761,21,46,Lucena del Puerto,1.715,1.151,33,22
762,21,47,Manzanilla,1.875,939,46,7
763,21,49,Minas de Riotinto,3.291,1.718,74,20
764,21,50,Moguer,12.464,7.290,146,122
765,21,52,Nerva,4.427,2.233,84,29
766,21,53,Niebla,3.284,1.939,62,28
767,21,55,Palos de la Frontera,7.166,4.611,70,45
768,21,56,Paterna del Campo,2.920,1.817,127,25
769,21,57,Paymogo,992,501,10,9
770,21,58,Puebla de Guzmán,2.545,1.614,34,40
771,21,59,Puerto Moral,220,169,12,3
772,21,60,Punta Umbría,12.178,6.638,119,121
773,21,61,Rociana del Condado,5.059,2.821,70,46
774,21,62,Rosal de la Frontera,1.365,720,9,11
775,21,63,San Bartolomé de la Torre,2.615,1.747,58,29
776,21,64,San Juan del Puerto,6.605,3.849,105,83
777,21,66,San Silvestre de Guzmán,499,367,9,3
778,21,65,Sanlúcar de Guadiana,251,144,0,0
779,21,67,Santa Ana la Real,406,261,8,5
780,21,68,Santa Bárbara de Casa,950,495,11,8
781,21,69,Santa Olalla del Cala,1.668,929,23,17
782,21,70,Trigueros,6.240,3.444,92,85
783,21,71,Valdelarco,216,129,7,5
784,21,72,Valverde del Camino,10.192,6.747,215,134
785,21,73,Villablanca,1.889,889,29,12
786,21,74,Villalba del Alcor,2.670,1.625,37,18
787,21,75,Villanueva de las Cruces,339,226,11,0
788,21,76,Villanueva de los Castillejos,2.145,1.239,38,24
789,21,77,Villarrasa,1.708,1.103,34,14
790,21,78,Zalamea la Real,2.650,1.509,42,27
791,21,79,Zufre,700,398,9,8
792,21,990,Residentes Ausentes Huelva,7.339,215,22,2
